-- MySQL dump 10.13  Distrib 5.7.17, for macos10.12 (x86_64)
--
-- Host: localhost    Database: test
-- ------------------------------------------------------
-- Server version	5.7.18

/*!40101 SET @OLD_CHARACTER_SET_CLIENT=@@CHARACTER_SET_CLIENT */;
/*!40101 SET @OLD_CHARACTER_SET_RESULTS=@@CHARACTER_SET_RESULTS */;
/*!40101 SET @OLD_COLLATION_CONNECTION=@@COLLATION_CONNECTION */;
/*!40101 SET NAMES utf8 */;
/*!40103 SET @OLD_TIME_ZONE=@@TIME_ZONE */;
/*!40103 SET TIME_ZONE='+00:00' */;
/*!40014 SET @OLD_UNIQUE_CHECKS=@@UNIQUE_CHECKS, UNIQUE_CHECKS=0 */;
/*!40014 SET @OLD_FOREIGN_KEY_CHECKS=@@FOREIGN_KEY_CHECKS, FOREIGN_KEY_CHECKS=0 */;
/*!40101 SET @OLD_SQL_MODE=@@SQL_MODE, SQL_MODE='NO_AUTO_VALUE_ON_ZERO' */;
/*!40111 SET @OLD_SQL_NOTES=@@SQL_NOTES, SQL_NOTES=0 */;

--
-- Table structure for table `migrations`
--

DROP TABLE IF EXISTS `migrations`;
/*!40101 SET @saved_cs_client     = @@character_set_client */;
/*!40101 SET character_set_client = utf8 */;
CREATE TABLE `migrations` (
  `id` int(10) unsigned NOT NULL AUTO_INCREMENT,
  `migration` varchar(255) COLLATE utf8mb4_unicode_ci NOT NULL,
  `batch` int(11) NOT NULL,
  PRIMARY KEY (`id`)
) ENGINE=InnoDB AUTO_INCREMENT=4 DEFAULT CHARSET=utf8mb4 COLLATE=utf8mb4_unicode_ci;
/*!40101 SET character_set_client = @saved_cs_client */;

--
-- Dumping data for table `migrations`
--

LOCK TABLES `migrations` WRITE;
/*!40000 ALTER TABLE `migrations` DISABLE KEYS */;
INSERT INTO `migrations` VALUES (1,'2014_10_12_000000_create_users_table',1),(2,'2014_10_12_100000_create_password_resets_table',1),(3,'2019_05_19_145139_create_reports_table',1);
/*!40000 ALTER TABLE `migrations` ENABLE KEYS */;
UNLOCK TABLES;

--
-- Table structure for table `password_resets`
--

DROP TABLE IF EXISTS `password_resets`;
/*!40101 SET @saved_cs_client     = @@character_set_client */;
/*!40101 SET character_set_client = utf8 */;
CREATE TABLE `password_resets` (
  `email` varchar(255) COLLATE utf8mb4_unicode_ci NOT NULL,
  `token` varchar(255) COLLATE utf8mb4_unicode_ci NOT NULL,
  `created_at` timestamp NULL DEFAULT NULL,
  KEY `password_resets_email_index` (`email`)
) ENGINE=InnoDB DEFAULT CHARSET=utf8mb4 COLLATE=utf8mb4_unicode_ci;
/*!40101 SET character_set_client = @saved_cs_client */;

--
-- Dumping data for table `password_resets`
--

LOCK TABLES `password_resets` WRITE;
/*!40000 ALTER TABLE `password_resets` DISABLE KEYS */;
/*!40000 ALTER TABLE `password_resets` ENABLE KEYS */;
UNLOCK TABLES;

--
-- Table structure for table `reports`
--

DROP TABLE IF EXISTS `reports`;
/*!40101 SET @saved_cs_client     = @@character_set_client */;
/*!40101 SET character_set_client = utf8 */;
CREATE TABLE `reports` (
  `id` bigint(20) unsigned NOT NULL AUTO_INCREMENT,
  `description` varchar(150) COLLATE utf8mb4_unicode_ci NOT NULL,
  `user_id` bigint(20) unsigned NOT NULL,
  `created_at` timestamp NULL DEFAULT NULL,
  `updated_at` timestamp NULL DEFAULT NULL,
  PRIMARY KEY (`id`),
  KEY `reports_user_id_foreign` (`user_id`),
  CONSTRAINT `reports_user_id_foreign` FOREIGN KEY (`user_id`) REFERENCES `users` (`id`) ON DELETE CASCADE
) ENGINE=InnoDB AUTO_INCREMENT=175 DEFAULT CHARSET=utf8mb4 COLLATE=utf8mb4_unicode_ci;
/*!40101 SET character_set_client = @saved_cs_client */;

--
-- Dumping data for table `reports`
--

LOCK TABLES `reports` WRITE;
/*!40000 ALTER TABLE `reports` DISABLE KEYS */;
INSERT INTO `reports` VALUES (1,'That\'s all.\' \'Thank you,\' said the Mouse with an M?\' said Alice. \'I\'ve so often read in the common.',2,'2019-05-22 15:28:08','2019-05-23 16:25:34'),(2,'And concluded the banquet--] \'What IS the same side of the table. \'Have some wine,\' the March Hare had just upset the week.',2,'2019-05-17 05:33:50','2019-05-23 16:25:34'),(3,'I believe.\' \'Boots and shoes under the sea--\' (\'I haven\'t,\' said Alice)--\'and perhaps you were me?\' \'Well.',2,'2019-05-15 19:13:58','2019-05-23 16:25:34'),(4,'The Hatter was out of sight: then it watched the White Rabbit. She was moving them about as curious as it spoke (it was.',2,'2019-05-15 07:18:07','2019-05-23 16:25:34'),(5,'Alice recognised the White Rabbit was still in existence; \'and now for the White Rabbit blew three.',2,'2019-05-07 23:07:28','2019-05-23 16:25:34'),(6,'The Knave shook his head sadly. \'Do I look like one, but it puzzled her a good opportunity for croqueting one of.',2,'2019-05-21 08:10:46','2019-05-23 16:25:34'),(7,'I\'ve nothing to do: once or twice, and shook itself. Then it got down off the cake. * * * * * * * * * * * * * * \'What a.',2,'2019-04-30 08:29:30','2019-05-23 16:25:34'),(8,'ME, and told me he was speaking, so that her shoulders were nowhere to be two people! Why, there\'s hardly enough of me.',2,'2019-05-19 06:33:36','2019-05-23 16:25:34'),(9,'Rabbit in a rather offended tone, and everybody laughed, \'Let the jury had a door leading right into it.',2,'2019-05-12 05:46:23','2019-05-23 16:25:34'),(10,'Hatter. \'I told you that.\' \'If I\'d been the whiting,\' said Alice, and she sat still and said anxiously to herself, and.',2,'2019-05-03 17:52:29','2019-05-23 16:25:34'),(11,'I COULD NOT SWIM--\" you can\'t take more.\' \'You mean you can\'t be Mabel, for I know I do!\' said Alice to.',2,'2019-05-08 19:07:32','2019-05-23 16:25:34'),(12,'At this the White Rabbit read out, at the Cat\'s head with great emphasis, looking hard at Alice as he spoke, and.',2,'2019-04-29 12:22:48','2019-05-23 16:25:34'),(13,'VERY deeply with a deep sigh, \'I was a very little! Besides, SHE\'S she, and I\'m sure I can\'t put it more clearly,\' Alice.',2,'2019-05-01 04:39:36','2019-05-23 16:25:34'),(14,'It was the White Rabbit blew three blasts on the Duchess\'s cook. She carried the pepper-box in her hands.',2,'2019-05-21 10:36:36','2019-05-23 16:25:34'),(15,'White Rabbit with pink eyes ran close by her. There was a table set out under a tree a few minutes.',3,'2019-05-14 21:12:33','2019-05-23 16:25:34'),(16,'Come on!\' So they got settled down again, the Dodo could not help thinking there MUST be more to come, so she went.',3,'2019-05-23 00:29:28','2019-05-23 16:25:34'),(17,'Either the well was very uncomfortable, and, as the jury had a vague sort of lullaby to it as a lark, And will talk in contemptuous.',3,'2019-05-21 07:14:33','2019-05-23 16:25:34'),(18,'I should frighten them out again. The rabbit-hole went straight on like a writing-desk?\' \'Come, we shall have to turn into a line.',3,'2019-05-08 04:24:05','2019-05-23 16:25:34'),(19,'Rabbit say to itself in a melancholy way, being quite unable to move. She soon got it out loud. \'Thinking again?\' the Duchess said to.',3,'2019-05-20 08:06:40','2019-05-23 16:25:34'),(20,'Lizard, Bill, was in the window?\' \'Sure, it\'s an arm, yer honour!\' \'Digging for apples, yer honour!\' \'Digging for apples, yer.',3,'2019-04-30 12:26:08','2019-05-23 16:25:34'),(21,'Mouse had changed his mind, and was just in time to avoid shrinking away altogether. \'That WAS a curious appearance in.',3,'2019-05-13 13:39:44','2019-05-23 16:25:34'),(22,'THAT\'S a good deal frightened at the stick, and tumbled head over heels in its sleep \'Twinkle, twinkle, twinkle.',3,'2019-05-14 02:22:54','2019-05-23 16:25:34'),(23,'Alice, that she ought to speak, and no one to listen to me! When I used to come down the chimney close.',3,'2019-05-01 07:08:16','2019-05-23 16:25:34'),(24,'I\'ve been changed for any of them. \'I\'m sure I\'m not Ada,\' she said, \'for her hair goes in such confusion that she never knew so much.',3,'2019-05-23 14:50:16','2019-05-23 16:25:34'),(25,'I ever heard!\' \'Yes, I think you\'d better finish the story for yourself.\' \'No, please go on!\' Alice said.',3,'2019-05-03 22:02:13','2019-05-23 16:25:34'),(26,'We must have been changed several times since then.\' \'What do you know that you\'re mad?\' \'To begin with,\'.',3,'2019-05-20 02:21:45','2019-05-23 16:25:34'),(27,'The poor little thing was waving its tail when it\'s angry, and wags its tail when I\'m angry. Therefore I\'m mad.\' \'I call it sad?\' And.',3,'2019-05-23 09:31:15','2019-05-23 16:25:34'),(28,'ME,\' but nevertheless she uncorked it and put it more clearly,\' Alice replied thoughtfully. \'They have their tails in their.',3,'2019-04-26 15:54:07','2019-05-23 16:25:34'),(29,'There was a most extraordinary noise going on within--a constant howling and sneezing, and every now and.',3,'2019-04-30 23:06:06','2019-05-23 16:25:34'),(30,'The Panther took pie-crust, and gravy, and meat, While the Duchess said after a minute or two to think.',3,'2019-04-30 16:26:31','2019-05-23 16:25:34'),(31,'Caterpillar; and it was good practice to say it any longer than that,\' said the King, the Queen, who.',3,'2019-05-16 06:18:32','2019-05-23 16:25:34'),(32,'Caterpillar\'s making such VERY short remarks, and she ran off as hard as it went, \'One side of the.',3,'2019-04-30 11:07:37','2019-05-23 16:25:34'),(33,'By the use of repeating all that stuff,\' the Mock Turtle\'s heavy sobs. Lastly, she pictured to herself how this same.',4,'2019-05-19 18:21:23','2019-05-23 16:25:34'),(34,'I think--\' (for, you see, because some of them say, \'Look out now, Five! Don\'t go splashing paint over me like a.',4,'2019-05-11 14:47:32','2019-05-23 16:25:34'),(35,'She pitied him deeply. \'What is his sorrow?\' she asked the Mock Turtle drew a long breath, and till the.',4,'2019-05-04 18:54:10','2019-05-23 16:25:34'),(36,'Alice. \'Well, I should like to have any rules in particular; at least, if there were three little sisters--they.',4,'2019-04-24 00:02:01','2019-05-23 16:25:34'),(37,'The Caterpillar was the first question, you know.\' \'Who is it twelve? I--\' \'Oh, don\'t talk about her repeating \'YOU ARE.',4,'2019-04-26 06:38:51','2019-05-23 16:25:34'),(38,'VERY nearly at the jury-box, or they would go, and making quite a long sleep you\'ve had!\' \'Oh, I\'ve.',4,'2019-04-30 01:22:46','2019-05-23 16:25:34'),(39,'Dodo solemnly, rising to its children, \'Come away, my dears! It\'s high time to begin with,\' said the Gryphon.',4,'2019-05-20 07:08:53','2019-05-23 16:25:34'),(40,'Alice looked down at her for a baby: altogether Alice did not look at them--\'I wish they\'d get the trial one way up as the March.',4,'2019-05-12 22:50:50','2019-05-23 16:25:34'),(41,'The Mouse did not quite sure whether it was YOUR table,\' said Alice; \'that\'s not at all the rest of the country is.',4,'2019-04-29 12:46:39','2019-05-23 16:25:34'),(42,'If she should push the matter worse. You MUST have meant some mischief, or else you\'d have signed your name like an honest.',4,'2019-05-08 11:09:53','2019-05-23 16:25:34'),(43,'Nile On every golden scale! \'How cheerfully he seems to grin, How neatly spread his claws, And welcome little fishes.',4,'2019-05-15 17:32:28','2019-05-23 16:25:34'),(44,'Hatter: \'I\'m on the English coast you find a thing,\' said the Duchess: you\'d better finish the story for.',4,'2019-04-26 06:49:03','2019-05-23 16:25:34'),(45,'Queen, but she could remember them, all these changes are! I\'m never sure what I\'m going to say,\' said the Mouse, who was peeping.',4,'2019-05-21 11:56:04','2019-05-23 16:25:34'),(46,'The further off from England the nearer is to give the hedgehog to, and, as the March Hare: she thought it must.',4,'2019-04-25 21:59:42','2019-05-23 16:25:34'),(47,'And then, turning to Alice to herself, as she did not venture to go on for some time busily writing.',4,'2019-05-12 05:04:08','2019-05-23 16:25:34'),(48,'He says it kills all the children she knew that were of the crowd below, and there she saw maps and pictures hung.',4,'2019-05-16 13:28:37','2019-05-23 16:25:34'),(49,'Alice for protection. \'You shan\'t be beheaded!\' \'What for?\' said the Hatter: \'but you could manage.',4,'2019-05-08 12:04:46','2019-05-23 16:25:34'),(50,'As there seemed to be no use denying it. I suppose it were nine o\'clock in the morning, just time to see how he did it,) he did.',4,'2019-05-05 01:30:46','2019-05-23 16:25:34'),(51,'There was a treacle-well.\' \'There\'s no such thing!\' Alice was not even get her head pressing against the ceiling, and had to.',4,'2019-05-03 04:51:26','2019-05-23 16:25:34'),(52,'Duchess. An invitation for the first really clever thing the King had said that day. \'A likely story.',4,'2019-05-20 22:07:09','2019-05-23 16:25:34'),(53,'Hearts, she made her so savage when they passed too close, and waving their forepaws to mark the time.',4,'2019-05-07 06:41:28','2019-05-23 16:25:34'),(54,'Which brought them back again to the Mock Turtle a little anxiously. \'Yes,\' said Alice, \'but I haven\'t.',5,'2019-05-22 20:41:14','2019-05-23 16:25:34'),(55,'I\'ve finished.\' So they couldn\'t see it?\' So she swallowed one of the fact. \'I keep them to sell,\' the Hatter.',5,'2019-04-23 21:28:43','2019-05-23 16:25:34'),(56,'Queen till she heard a little bit, and said to Alice, flinging the baby was howling so much into the book her sister.',5,'2019-04-30 20:28:54','2019-05-23 16:25:34'),(57,'ME, and told me you had been running half an hour or so, and giving it something out of breath, and till the Pigeon had.',5,'2019-05-11 11:02:05','2019-05-23 16:25:34'),(58,'I think.\' And she began again. \'I wonder what Latitude was, or Longitude either, but thought they were nice grand words to.',5,'2019-05-15 19:22:04','2019-05-23 16:25:34'),(59,'Duchess, \'chop off her head!\' about once in her hands, and she did not like the right size, that it was very.',5,'2019-05-13 00:40:06','2019-05-23 16:25:34'),(60,'Alice laughed so much into the book her sister kissed her, and the words came very queer indeed:-- \'\'Tis the voice of.',5,'2019-04-30 10:29:21','2019-05-23 16:25:34'),(61,'And she kept tossing the baby at her as she could, \'If you knew Time as well she might, what a wonderful dream.',5,'2019-05-09 14:36:45','2019-05-23 16:25:34'),(62,'Hatter, and he went on in the sea. But they HAVE their tails fast in their mouths--and they\'re all over their heads.',5,'2019-05-18 08:00:17','2019-05-23 16:25:34'),(63,'Hatter, \'when the Queen was close behind us, and he\'s treading on my tail. See how eagerly the.',5,'2019-04-29 03:22:56','2019-05-23 16:25:34'),(64,'King. \'Nothing whatever,\' said Alice. \'You must be,\' said the March Hare,) \'--it was at in all my limbs.',5,'2019-05-17 22:56:45','2019-05-23 16:25:34'),(65,'I\'M a Duchess,\' she said to the voice of the evening, beautiful Soup! Beau--ootiful Soo--oop! Beau--ootiful Soo--oop! Soo--oop of the.',5,'2019-05-10 22:04:26','2019-05-23 16:25:34'),(66,'EVEN finish, if he thought it would feel with all her fancy, that: they never executes nobody, you know.',6,'2019-05-02 02:14:39','2019-05-23 16:25:34'),(67,'Alice, \'how am I to get in at once.\' And in she went. Once more she found herself falling down a.',6,'2019-04-30 18:49:13','2019-05-23 16:25:34'),(68,'I don\'t like them!\' When the sands are all pardoned.\' \'Come, THAT\'S a good many little girls in my kitchen.',6,'2019-05-18 18:18:55','2019-05-23 16:25:34'),(69,'Dormouse, who seemed to be Involved in this affair, He trusts to you to set about it; and as it can\'t possibly make me larger, it must.',6,'2019-04-29 18:02:33','2019-05-23 16:25:34'),(70,'The Mouse looked at the Queen, and Alice was so large in the lock, and to stand on your head-- Do you think you could see it trying in a.',6,'2019-05-21 06:51:04','2019-05-23 16:25:34'),(71,'Cat; and this time it all seemed quite natural); but when the Rabbit came near her, she began, in rather a.',6,'2019-05-19 11:38:04','2019-05-23 16:25:34'),(72,'I\'ve seen that done,\' thought Alice. \'Now we shall get on better.\' \'I\'d rather finish my tea,\' said the March Hare said.',6,'2019-04-26 10:57:59','2019-05-23 16:25:34'),(73,'INSIDE, you might do something better with the words \'DRINK ME\' beautifully printed on it but tea. \'I don\'t much care where--\' said.',6,'2019-05-04 09:48:44','2019-05-23 16:25:34'),(74,'Cheshire Cat,\' said Alice: \'allow me to sell you a couple?\' \'You are not attending!\' said the Mock Turtle a.',6,'2019-04-27 00:28:35','2019-05-23 16:25:34'),(75,'Five! Always lay the blame on others!\' \'YOU\'D better not talk!\' said Five. \'I heard every word you.',6,'2019-05-05 14:36:50','2019-05-23 16:25:34'),(76,'I know THAT well enough; and what does it matter to me whether you\'re nervous or not.\' \'I\'m a poor man,\' the Hatter.',6,'2019-05-10 21:06:08','2019-05-23 16:25:34'),(77,'He looked anxiously round, to make SOME change in my life!\' Just as she went on, turning to Alice, flinging the baby violently up and.',6,'2019-05-21 23:17:47','2019-05-23 16:25:34'),(78,'I beg your acceptance of this sort of people live about here?\' \'In THAT direction,\' the Cat said, waving.',6,'2019-05-13 08:57:44','2019-05-23 16:25:34'),(79,'Oh dear! I shall have some fun now!\' thought Alice. \'I\'m glad I\'ve seen that done,\' thought Alice. \'I wonder if I know I have.',6,'2019-05-04 13:29:38','2019-05-23 16:25:34'),(80,'MINE,\' said the Mock Turtle in the shade: however, the moment they saw her, they hurried back to her: its face in her face, with such a.',6,'2019-05-05 18:55:06','2019-05-23 16:25:34'),(81,'Gryphon is, look at all a proper way of expressing yourself.\' The baby grunted again, and went stamping about, and crept a little feeble.',6,'2019-05-18 00:46:57','2019-05-23 16:25:34'),(82,'Alice did not dare to disobey, though she knew the meaning of it in a sulky tone; \'Seven jogged my elbow.\' On which Seven.',7,'2019-05-01 12:32:29','2019-05-23 16:25:34'),(83,'RED rose-tree, and we won\'t talk about wasting IT. It\'s HIM.\' \'I don\'t much care where--\' said Alice. \'I\'m a--I\'m a--\' \'Well!.',7,'2019-05-15 16:12:58','2019-05-23 16:25:34'),(84,'Queen furiously, throwing an inkstand at the Footman\'s head: it just now.\' \'It\'s the thing Mock Turtle to sing.',7,'2019-05-07 01:09:10','2019-05-23 16:25:34'),(85,'So she began: \'O Mouse, do you want to go! Let me see: four times five is twelve, and four times five is twelve, and four times five.',7,'2019-05-22 18:41:51','2019-05-23 16:25:34'),(86,'Queen of Hearts, who only bowed and smiled in reply. \'Idiot!\' said the Gryphon: and it sat for a minute, nurse!.',7,'2019-04-25 02:18:06','2019-05-23 16:25:34'),(87,'Alice, jumping up in such a tiny golden key, and unlocking the door of which was full of soup. \'There\'s.',7,'2019-05-12 20:25:39','2019-05-23 16:25:34'),(88,'The judge, by the little thing sobbed again (or grunted, it was too slippery; and when she had.',7,'2019-05-11 16:55:33','2019-05-23 16:25:34'),(89,'Alice. \'Come on, then,\' said the Queen, but she knew she had to sing this:-- \'Beautiful Soup, so rich and.',7,'2019-05-14 04:25:41','2019-05-23 16:25:34'),(90,'Pray, what is the capital of Paris, and Paris is the use of repeating all that stuff,\' the Mock Turtle.',7,'2019-05-08 17:26:37','2019-05-23 16:25:34'),(91,'This question the Dodo replied very solemnly. Alice was rather glad there WAS no one listening, this time.',7,'2019-05-19 10:56:10','2019-05-23 16:25:34'),(92,'Gryphon. \'Well, I shan\'t go, at any rate a book of rules for shutting people up like telescopes: this time.',7,'2019-05-04 23:40:06','2019-05-23 16:25:34'),(93,'Hatter: \'let\'s all move one place on.\' He moved on as he spoke. \'UNimportant, of course, Alice could think of what.',7,'2019-05-19 20:31:14','2019-05-23 16:25:34'),(94,'Queen furiously, throwing an inkstand at the White Rabbit, trotting slowly back to her: its face to see its meaning. \'And just as she.',7,'2019-04-24 20:38:20','2019-05-23 16:25:34'),(95,'And mentioned me to him: She gave me a pair of white kid gloves: she took courage, and went on so long that they had to.',7,'2019-04-27 07:13:57','2019-05-23 16:25:34'),(96,'Gryphon went on. \'Would you tell me,\' said Alice, who had meanwhile been examining the roses. \'Off with her head!\' the Queen to-day?\' \'I.',7,'2019-05-21 00:58:41','2019-05-23 16:25:34'),(97,'Cat, \'a dog\'s not mad. You grant that?\' \'I suppose they are the jurors.\' She said the Hatter: \'as the things I used to.',8,'2019-05-06 08:51:10','2019-05-23 16:25:34'),(98,'Caucus-race.\' \'What IS a Caucus-race?\' said Alice; \'I can\'t explain MYSELF, I\'m afraid, but you might knock, and I don\'t.',8,'2019-05-21 15:33:59','2019-05-23 16:25:34'),(99,'If they had a bone in his sleep, \'that \"I breathe when I get SOMEWHERE,\' Alice added as an unusually large saucepan.',8,'2019-05-09 10:11:50','2019-05-23 16:25:34'),(100,'Gryphon. \'Well, I can\'t put it more clearly,\' Alice replied eagerly, for she was now more than three.\' \'Your hair wants cutting,\' said.',8,'2019-05-18 14:48:09','2019-05-23 16:25:34'),(101,'Last came a rumbling of little Alice was not going to turn into a conversation. \'You don\'t know much,\' said Alice.',8,'2019-05-20 12:15:31','2019-05-23 16:25:34'),(102,'Hatter: \'let\'s all move one place on.\' He moved on as he fumbled over the verses to himself: \'\"WE KNOW IT TO.',8,'2019-04-28 11:47:08','2019-05-23 16:25:34'),(103,'And she began thinking over other children she knew she had succeeded in getting its body tucked away.',8,'2019-04-25 21:04:34','2019-05-23 16:25:34'),(104,'When the procession came opposite to Alice, very earnestly. \'I\'ve had nothing else to say \'I once tasted--\' but checked herself.',8,'2019-05-02 09:34:08','2019-05-23 16:25:34'),(105,'White Rabbit read:-- \'They told me you had been found and handed back to them, and the Queen in front of them, and considered a.',8,'2019-05-15 04:22:42','2019-05-23 16:25:34'),(106,'I COULD NOT SWIM--\" you can\'t be civil, you\'d better ask HER about it.\' (The jury all brightened up at the Duchess sang the.',8,'2019-05-22 06:32:12','2019-05-23 16:25:34'),(107,'They were indeed a queer-looking party that assembled on the top of its mouth, and its great eyes.',8,'2019-04-24 23:24:25','2019-05-23 16:25:34'),(108,'Gryphon, and, taking Alice by the soldiers, who of course you know about it, and then they both bowed low.',8,'2019-05-23 05:27:04','2019-05-23 16:25:34'),(109,'I think you\'d take a fancy to herself \'This is Bill,\' she gave a little shriek and a great deal to.',8,'2019-04-25 20:58:03','2019-05-23 16:25:34'),(110,'The first witness was the White Rabbit. She was looking for the hedgehogs; and in another moment, when she got.',8,'2019-05-12 18:25:57','2019-05-23 16:25:34'),(111,'Mouse splashed his way through the doorway; \'and even if I like being that person, I\'ll come up: if.',8,'2019-05-04 19:46:35','2019-05-23 16:25:34'),(112,'Mabel! I\'ll try and repeat \"\'TIS THE VOICE OF THE SLUGGARD,\"\' said the Duchess, the Duchess! Oh! won\'t she be savage.',8,'2019-05-02 14:31:47','2019-05-23 16:25:34'),(113,'March Hare interrupted, yawning. \'I\'m getting tired of sitting by her sister on the top of his pocket, and pulled out a new.',8,'2019-04-24 01:29:38','2019-05-23 16:25:35'),(114,'Caterpillar. \'Well, I\'ve tried to beat time when she was peering about anxiously among the party. Some of the March.',8,'2019-05-12 17:02:02','2019-05-23 16:25:35'),(115,'Alice thought this a good deal until she had expected: before she made some tarts, All on a summer day: The.',9,'2019-05-04 09:13:08','2019-05-23 16:25:35'),(116,'I ever heard!\' \'Yes, I think you\'d better finish the story for yourself.\' \'No, please go on!\' Alice said.',9,'2019-05-22 07:52:12','2019-05-23 16:25:35'),(117,'White Rabbit. She was a general clapping of hands at this: it was addressed to the Knave of Hearts, carrying.',9,'2019-05-01 07:07:28','2019-05-23 16:25:35'),(118,'Mock Turtle persisted. \'How COULD he turn them out again. That\'s all.\' \'Thank you,\' said the Mock Turtle, and.',9,'2019-05-16 22:39:24','2019-05-23 16:25:35'),(119,'Some of the house if it makes me grow smaller, I suppose.\' So she began looking at the corners.',9,'2019-04-26 03:50:22','2019-05-23 16:25:35'),(120,'I think I may as well say that \"I see what I say,\' the Mock Turtle: \'why, if a dish or kettle had been all the party went back to my jaw.',9,'2019-04-30 17:39:39','2019-05-23 16:25:35'),(121,'He says it kills all the time they had to do it! Oh dear! I wish you would have called him Tortoise because he was going to.',9,'2019-04-26 10:23:10','2019-05-23 16:25:35'),(122,'And oh, I wish you could draw treacle out of the players to be Number One,\' said Alice. \'Exactly so,\' said the Hatter; \'so.',9,'2019-05-17 09:01:19','2019-05-23 16:25:35'),(123,'I\'ve had such a thing before, and she drew herself up closer to Alice\'s side as she said to herself, rather sharply.',9,'2019-05-04 02:54:00','2019-05-23 16:25:35'),(124,'Alice opened the door between us. For instance, suppose it were white, but there were any tears. No, there were three gardeners at.',9,'2019-04-26 05:20:44','2019-05-23 16:25:35'),(125,'Alice; \'but when you come to an end! \'I wonder what CAN have happened to you? Tell us all about as.',9,'2019-05-19 00:16:36','2019-05-23 16:25:35'),(126,'Mock Turtle said: \'no wise fish would go round a deal faster than it does.\' \'Which would NOT be an.',9,'2019-05-21 18:16:59','2019-05-23 16:25:35'),(127,'King, who had been looking at Alice as it lasted.) \'Then the words a little, half expecting to see the Mock.',9,'2019-05-14 01:44:00','2019-05-23 16:25:35'),(128,'He only does it to annoy, Because he knows it teases.\' CHORUS. (In which the words a little, and then all the time he.',9,'2019-05-01 01:40:30','2019-05-23 16:25:35'),(129,'However, \'jury-men\' would have made a rush at Alice for some minutes. Alice thought the whole window!\' \'Sure, it does, yer.',9,'2019-05-04 13:11:13','2019-05-23 16:25:35'),(130,'WOULD go with Edgar Atheling to meet William and offer him the crown. William\'s conduct at first she.',9,'2019-05-10 16:46:56','2019-05-23 16:25:35'),(131,'Alice had no idea what a long way. So she went on, taking first one side and then keep tight hold of anything, but she ran off at once.',9,'2019-05-21 18:52:52','2019-05-23 16:25:35'),(132,'She said the King. On this the White Rabbit; \'in fact, there\'s nothing written on the end of the Gryphon, and the turtles all.',9,'2019-05-04 08:26:37','2019-05-23 16:25:35'),(133,'Caterpillar\'s making such a puzzled expression that she had got its head impatiently, and walked a little door into.',10,'2019-04-29 08:02:40','2019-05-23 16:25:35'),(134,'Presently she began nursing her child again, singing a sort of thing never happened, and now here I am now? That\'ll be a.',10,'2019-05-10 13:08:42','2019-05-23 16:25:35'),(135,'The Cat\'s head with great emphasis, looking hard at Alice for some minutes. Alice thought to herself \'It\'s the Cheshire Cat: now I.',10,'2019-04-29 20:24:59','2019-05-23 16:25:35'),(136,'OURS they had at the beginning,\' the King was the first to break the silence. \'What day of the Gryphon.',10,'2019-05-16 01:24:06','2019-05-23 16:25:35'),(137,'Pigeon went on, \'\"--found it advisable to go down the chimney!\' \'Oh! So Bill\'s got to the company generally.',10,'2019-05-03 20:20:20','2019-05-23 16:25:35'),(138,'When I used to read fairy-tales, I fancied that kind of authority among them, called out, \'Sit down.',10,'2019-05-11 15:55:24','2019-05-23 16:25:35'),(139,'This seemed to be managed? I suppose I ought to be in before the end of trials, \"There was some attempts at applause, which was sitting.',10,'2019-05-16 23:48:21','2019-05-23 16:25:35'),(140,'Alice did not feel encouraged to ask help of any one; so, when the Rabbit say, \'A barrowful of WHAT?\' thought Alice to.',10,'2019-04-28 08:52:51','2019-05-23 16:25:35'),(141,'NOT!\' cried the Gryphon, sighing in his confusion he bit a large mustard-mine near here. And the.',10,'2019-05-11 07:31:45','2019-05-23 16:25:35'),(142,'Allow me to sell you a present of everything I\'ve said as yet.\' \'A cheap sort of life! I do it again and again.\'.',10,'2019-05-04 20:03:15','2019-05-23 16:25:35'),(143,'Alice! Come here directly, and get ready to play croquet with the Queen,\' and she swam about, trying to.',10,'2019-05-07 03:07:36','2019-05-23 16:25:35'),(144,'Majesty?\' he asked. \'Begin at the thought that SOMEBODY ought to eat or drink under the hedge. In another minute the.',10,'2019-05-10 04:33:59','2019-05-23 16:25:35'),(145,'She was a little bit of stick, and held out its arms and legs in all directions, tumbling up against.',10,'2019-05-21 12:55:09','2019-05-23 16:25:35'),(146,'Which shall sing?\' \'Oh, YOU sing,\' said the King said, for about the crumbs,\' said the Caterpillar. \'Well, perhaps your.',10,'2019-05-22 07:15:01','2019-05-23 16:25:35'),(147,'By the use of this ointment--one shilling the box-- Allow me to introduce some other subject of conversation. \'Are you--are you.',10,'2019-05-04 13:02:07','2019-05-23 16:25:35'),(148,'The Cat seemed to be two people. \'But it\'s no use in the world she was dozing off, and that is enough,\' Said his father.',10,'2019-05-13 15:28:18','2019-05-23 16:25:35'),(149,'The long grass rustled at her for a conversation. Alice replied, rather shyly, \'I--I hardly know, sir, just at first, the two.',10,'2019-04-30 10:31:16','2019-05-23 16:25:35'),(150,'Hatter. \'Nor I,\' said the Queen, stamping on the floor, as it was perfectly round, she came suddenly upon an open place.',11,'2019-04-28 03:07:37','2019-05-23 16:25:35'),(151,'YOU?\' said the Caterpillar seemed to Alice to herself, \'whenever I eat or drink something or other; but the three gardeners.',11,'2019-05-21 01:09:01','2019-05-23 16:25:35'),(152,'The Cat\'s head began fading away the moment she felt sure she would get up and said, very gravely, \'I think.',11,'2019-05-04 15:07:40','2019-05-23 16:25:35'),(153,'I COULD NOT SWIM--\" you can\'t help that,\' said the sage, as he spoke, and then keep tight hold of it; then Alice dodged.',11,'2019-05-08 19:11:04','2019-05-23 16:25:35'),(154,'Alice caught the baby violently up and ran off, thinking while she was out of sight; and an Eaglet, and.',11,'2019-05-04 03:55:31','2019-05-23 16:25:35'),(155,'Long Tale They were indeed a queer-looking party that assembled on the trumpet, and then a voice she had finished, her.',11,'2019-05-07 10:34:04','2019-05-23 16:25:35'),(156,'Mock Turtle\'s Story \'You can\'t think how glad I am in the distance, and she drew herself up and repeat something now. Tell her.',11,'2019-04-29 10:21:06','2019-05-23 16:25:35'),(157,'M, such as mouse-traps, and the pair of white kid gloves: she took up the chimney, has he?\' said Alice to find quite a large.',11,'2019-04-24 07:31:49','2019-05-23 16:25:35'),(158,'I\'m a deal too far off to trouble myself about you: you must manage the best of educations--in fact, we went to him,\'.',11,'2019-04-24 23:49:03','2019-05-23 16:25:35'),(159,'How puzzling all these strange Adventures of hers that you think you could see her after the candle is blown.',11,'2019-05-09 08:10:46','2019-05-23 16:25:35'),(160,'The twelve jurors were writing down \'stupid things!\' on their throne when they saw the Mock Turtle said: \'I\'m too stiff.',11,'2019-05-19 23:42:13','2019-05-23 16:25:35'),(161,'Dodo in an offended tone, \'so I can\'t quite follow it as a boon, Was kindly permitted to pocket the spoon: While the Panther were.',11,'2019-05-07 21:01:23','2019-05-23 16:25:35'),(162,'The Rabbit started violently, dropped the white kid gloves, and she crossed her hands on her spectacles, and began talking to.',1,'2019-04-30 04:55:39','2019-05-23 16:25:35'),(163,'Dormouse again, so she went on, very much of it had no pictures or conversations?\' So she began.',1,'2019-04-23 22:29:35','2019-05-23 16:25:35'),(164,'The Antipathies, I think--\' (she was rather glad there WAS no one could possibly hear you.\' And certainly.',1,'2019-05-13 17:14:44','2019-05-23 16:25:35'),(165,'As she said to the executioner: \'fetch her here.\' And the moral of that is--\"The more there is of finding.',1,'2019-04-25 00:02:53','2019-05-23 16:25:35'),(166,'Sir, With no jury or judge, would be so kind,\' Alice replied, so eagerly that the mouse doesn\'t get out.\" Only I don\'t.',1,'2019-05-01 11:31:02','2019-05-23 16:25:35'),(167,'Lobster Quadrille, that she knew she had nibbled some more of it in with the other: he came trotting.',1,'2019-05-17 19:06:30','2019-05-23 16:25:35'),(168,'I shan\'t go, at any rate,\' said Alice: \'three inches is such a pleasant temper, and thought to herself. (Alice.',1,'2019-05-14 07:36:51','2019-05-23 16:25:35'),(169,'Alice. \'I\'ve so often read in the sun. (IF you don\'t like them!\' When the Mouse was swimming away from her as she.',1,'2019-05-05 22:05:02','2019-05-23 16:25:35'),(170,'Alice began to cry again. \'You ought to eat or drink anything; so I\'ll just see what would happen next.',1,'2019-05-09 16:18:15','2019-05-23 16:25:35'),(171,'I must have a prize herself, you know,\' the Mock Turtle, \'Drive on, old fellow! Don\'t be all day to.',1,'2019-05-08 21:57:37','2019-05-23 16:25:35'),(172,'Alice, she went on, \'I must be the right size, that it might tell her something worth hearing. For some minutes it.',1,'2019-04-27 15:16:17','2019-05-23 16:25:35'),(173,'Duchess and the whole party look so grave and anxious.) Alice could hardly hear the rattle of the.',1,'2019-05-09 03:42:51','2019-05-23 16:25:35'),(174,'English coast you find a number of changes she had never forgotten that, if you like!\' the Duchess said to the end of his great.',1,'2019-05-06 05:55:01','2019-05-23 16:25:35');
/*!40000 ALTER TABLE `reports` ENABLE KEYS */;
UNLOCK TABLES;

--
-- Table structure for table `users`
--

DROP TABLE IF EXISTS `users`;
/*!40101 SET @saved_cs_client     = @@character_set_client */;
/*!40101 SET character_set_client = utf8 */;
CREATE TABLE `users` (
  `id` bigint(20) unsigned NOT NULL AUTO_INCREMENT,
  `username` varchar(255) COLLATE utf8mb4_unicode_ci NOT NULL,
  `email` varchar(255) COLLATE utf8mb4_unicode_ci NOT NULL,
  `role` tinyint(4) NOT NULL DEFAULT '0',
  `email_verified_at` timestamp NULL DEFAULT NULL,
  `password` varchar(255) COLLATE utf8mb4_unicode_ci NOT NULL,
  `remember_token` varchar(100) COLLATE utf8mb4_unicode_ci DEFAULT NULL,
  `created_at` timestamp NULL DEFAULT NULL,
  `updated_at` timestamp NULL DEFAULT NULL,
  PRIMARY KEY (`id`),
  UNIQUE KEY `users_username_unique` (`username`),
  UNIQUE KEY `users_email_unique` (`email`)
) ENGINE=InnoDB AUTO_INCREMENT=12 DEFAULT CHARSET=utf8mb4 COLLATE=utf8mb4_unicode_ci;
/*!40101 SET character_set_client = @saved_cs_client */;

--
-- Dumping data for table `users`
--

LOCK TABLES `users` WRITE;
/*!40000 ALTER TABLE `users` DISABLE KEYS */;
INSERT INTO `users` VALUES (1,'Administrador','admin@admin.com',1,'2019-05-23 16:25:31','$2y$10$OgwfUBuJbDzrue9B8mkhT.KI4e6AxChBmcVnrnBtHpxKtBMsDW5sS','e6WxepCYhV','2019-05-23 16:25:31','2019-05-23 16:25:31'),(2,'schultz.jerrod','weimann.june@example.net',0,'2019-05-23 16:25:31','$2y$10$qABKc5UAwQxq/HP9f5EsbOjACtjstQiDZrURWWDQbWNB7.RMx8AUu','WKYng7Xz9j','2019-05-23 16:25:34','2019-05-23 16:25:34'),(3,'jamie.cronin','ftorp@example.net',1,'2019-05-23 16:25:31','$2y$10$fkH9Zu7AciGe5z/tQ9OIs.9TX7KpWyRJC5GFDDwsYnZFYxZDUjB1C','KhLRv0f3r6','2019-05-23 16:25:34','2019-05-23 16:25:34'),(4,'randall.murray','jast.roberto@example.org',0,'2019-05-23 16:25:32','$2y$10$iegdW.XXZ.1iTQXRxnlMT.vTsJ9UGXLRFv3Zt/ddz54GvzsK9XR4.','hzZRRh8JTq','2019-05-23 16:25:34','2019-05-23 16:25:34'),(5,'okshlerin','fhackett@example.net',0,'2019-05-23 16:25:32','$2y$10$7oNWT1V8F8Q7NUuhtZ6aM.VqAt7xDz5VlWT6HYXcqd/vt831zJRdW','M25k6Egcyx','2019-05-23 16:25:34','2019-05-23 16:25:34'),(6,'joshuah.koepp','ferry.torey@example.org',0,'2019-05-23 16:25:32','$2y$10$WnDxgMJzDdhVkm3/oENfDOydiYIt9cb0heGNoEVCnn/dR2S387ABe','FW8PZuYTtd','2019-05-23 16:25:34','2019-05-23 16:25:34'),(7,'qkeeling','dejah29@example.org',1,'2019-05-23 16:25:33','$2y$10$wv5eMNmBkdDEv7E7WhvSXeq1AN5/wiXpFJjdY5QtTx9pZXiymMoiO','kuq8ExdUNs','2019-05-23 16:25:34','2019-05-23 16:25:34'),(8,'viola.rodriguez','zberge@example.net',0,'2019-05-23 16:25:33','$2y$10$go7bRGbKhYYhbEib7NvDg.enIea2kutTHVTWtxBmaxMehu7Pcgc0m','VdSDMD5ZDW','2019-05-23 16:25:34','2019-05-23 16:25:34'),(9,'rubie.kuhn','dmills@example.net',0,'2019-05-23 16:25:33','$2y$10$l9pdbSOdbTDki4FnYnCLs..cqX1dO8Iz1vB7tHeC.AchuKe2Hb.k2','EvcddplcZZ','2019-05-23 16:25:34','2019-05-23 16:25:34'),(10,'gaetano.auer','cassin.marian@example.net',0,'2019-05-23 16:25:34','$2y$10$yUgm4e/ULFmxQl3/DfQA1.fd0Ef2M/iBePFJucAMdUbveinJxzbZS','9gGYVhrBm3','2019-05-23 16:25:34','2019-05-23 16:25:34'),(11,'karl73','raymundo.mclaughlin@example.net',0,'2019-05-23 16:25:34','$2y$10$bYLUQ56flNjMV3D52tCdd.EmPs.NBr8s2fWubKxcdd2kwHgEKSg5G','W4EWLFt789','2019-05-23 16:25:34','2019-05-23 16:25:34');
/*!40000 ALTER TABLE `users` ENABLE KEYS */;
UNLOCK TABLES;
/*!40103 SET TIME_ZONE=@OLD_TIME_ZONE */;

/*!40101 SET SQL_MODE=@OLD_SQL_MODE */;
/*!40014 SET FOREIGN_KEY_CHECKS=@OLD_FOREIGN_KEY_CHECKS */;
/*!40014 SET UNIQUE_CHECKS=@OLD_UNIQUE_CHECKS */;
/*!40101 SET CHARACTER_SET_CLIENT=@OLD_CHARACTER_SET_CLIENT */;
/*!40101 SET CHARACTER_SET_RESULTS=@OLD_CHARACTER_SET_RESULTS */;
/*!40101 SET COLLATION_CONNECTION=@OLD_COLLATION_CONNECTION */;
/*!40111 SET SQL_NOTES=@OLD_SQL_NOTES */;

-- Dump completed on 2019-05-23 11:27:50
